Player,Pos,Tm,G,GS,MP,FG%,3P%,2P%,eFG%,FT%,TRB,AST,STL,BLK,TOV,PF,PTS,PTS_PER_MIN,AST_PER_MIN,REB_PER_MIN,STL_PER_MIN,BLK_PER_MIN,TOV_PER_MIN,PF_PER_MIN,START_RATE,TOT_VALUE,BALANCED_SCORE
Xavier Tillman Sr.,C,MEM,61.0,29.0,19.3,0.614,0.267,0.632,0.621,0.551,5.0,1.6,1.0,0.5,0.7,1.6,7.0,0.36,0.08,0.26,0.052,0.026,0.036,0.083,0.48,0.7,1.34
Isaiah Joe,SG,OKC,73.0,10.0,19.1,0.441,0.409,0.553,0.599,0.82,2.4,1.2,0.7,0.1,0.5,1.4,9.5,0.5,0.06,0.13,0.037,0.005,0.026,0.073,0.14,0.69,1.2
Devonte' Graham,PG,NOP,53.0,0.0,15.3,0.368,0.347,0.463,0.511,0.746,1.4,2.2,0.6,0.2,0.5,0.9,5.3,0.35,0.14,0.09,0.039,0.013,0.033,0.059,0.0,0.58,1.13
Sam Hauser,SF,BOS,80.0,8.0,16.1,0.455,0.418,0.656,0.631,0.706,2.6,0.9,0.4,0.3,0.4,1.2,6.4,0.4,0.06,0.16,0.025,0.019,0.025,0.075,0.1,0.62,1.13
Chris Boucher,PF,TOR,76.0,0.0,20.0,0.493,0.328,0.585,0.552,0.762,5.5,0.4,0.6,0.8,0.5,1.9,9.4,0.47,0.02,0.28,0.03,0.04,0.025,0.095,0.0,0.77,1.08
Darius Bazley,C,OKC,36.0,1.0,15.4,0.449,0.4,0.469,0.506,0.554,3.4,0.9,0.5,0.8,0.6,1.0,5.4,0.35,0.06,0.22,0.032,0.052,0.039,0.065,0.03,0.63,1.06
Jordan McLaughlin,PG,MIN,43.0,0.0,15.8,0.421,0.308,0.552,0.503,0.833,1.4,3.4,0.7,0.1,0.8,0.7,3.7,0.23,0.22,0.09,0.044,0.006,0.051,0.044,0.0,0.54,1.0
AJ Griffin,SF,ATL,72.0,12.0,19.5,0.465,0.39,0.536,0.56,0.894,2.1,1.0,0.6,0.2,0.6,1.2,8.9,0.46,0.05,0.11,0.031,0.01,0.031,0.062,0.17,0.62,0.97
Rodney McGruder,SG,DET,32.0,12.0,16.4,0.408,0.423,0.382,0.543,0.818,2.3,0.9,0.5,0.0,0.3,1.2,5.7,0.35,0.05,0.14,0.03,0.0,0.018,0.073,0.38,0.54,0.88
Jeremiah Robinson-Earl,PF,OKC,43.0,20.0,18.9,0.444,0.333,0.533,0.518,0.833,4.2,1.0,0.6,0.3,0.4,1.7,6.8,0.36,0.05,0.22,0.032,0.016,0.021,0.09,0.47,0.63,0.82
Terrence Ross,SG,PHO,21.0,0.0,18.4,0.428,0.347,0.544,0.53,0.857,3.3,2.0,0.5,0.1,0.3,2.1,9.0,0.49,0.11,0.18,0.027,0.005,0.016,0.114,0.0,0.78,0.8
Javonte Green,SF,CHI,32.0,1.0,15.0,0.565,0.371,0.658,0.625,0.667,2.8,0.7,0.8,0.7,0.6,1.6,5.2,0.35,0.05,0.19,0.053,0.047,0.04,0.107,0.03,0.59,0.79
Obi Toppin,PF,NYK,67.0,5.0,15.7,0.446,0.344,0.593,0.548,0.809,2.8,1.0,0.3,0.2,0.6,1.0,7.4,0.47,0.06,0.18,0.019,0.013,0.038,0.064,0.07,0.71,0.78
Yuta Watanabe,SF,BRK,58.0,1.0,16.0,0.491,0.444,0.557,0.621,0.723,2.4,0.8,0.4,0.3,0.4,1.4,5.6,0.35,0.05,0.15,0.025,0.019,0.025,0.088,0.02,0.55,0.76
Mark Williams,C,CHO,43.0,17.0,19.3,0.637,,0.637,0.637,0.691,7.1,0.4,0.7,1.0,0.9,2.2,9.0,0.47,0.02,0.37,0.036,0.052,0.047,0.114,0.4,0.86,0.76
Ty Jerome,SG,GSW,45.0,2.0,18.1,0.488,0.389,0.546,0.56,0.927,1.7,3.0,0.5,0.1,0.7,1.4,6.9,0.38,0.17,0.09,0.028,0.006,0.039,0.077,0.04,0.64,0.75
Jordan Goodwin,PG,WAS,62.0,7.0,17.8,0.448,0.322,0.511,0.501,0.768,3.3,2.7,0.9,0.4,0.9,1.5,6.6,0.37,0.15,0.19,0.051,0.022,0.051,0.084,0.11,0.71,0.75
Lamar Stevens,SF,CLE,62.0,25.0,18.1,0.448,0.316,0.513,0.5,0.702,3.3,0.5,0.4,0.3,0.4,1.3,5.3,0.29,0.03,0.18,0.022,0.017,0.022,0.072,0.4,0.5,0.63
Oshae Brissett,PF,IND,65.0,2.0,16.7,0.386,0.31,0.457,0.461,0.717,3.4,0.7,0.5,0.2,0.5,1.2,6.1,0.37,0.04,0.2,0.03,0.012,0.03,0.072,0.03,0.61,0.61
T.J. Warren,PF,BRK,26.0,0.0,18.8,0.51,0.333,0.566,0.55,0.818,2.8,1.1,0.6,0.3,0.7,1.7,9.5,0.51,0.06,0.15,0.032,0.016,0.037,0.09,0.0,0.72,0.61
Robert Covington,PF,LAC,48.0,0.0,16.2,0.445,0.397,0.516,0.563,0.75,3.5,1.2,0.8,0.7,0.7,1.8,6.0,0.37,0.07,0.22,0.049,0.043,0.043,0.111,0.0,0.66,0.58
Cory Joseph,PG,DET,62.0,2.0,19.8,0.427,0.389,0.468,0.527,0.792,1.7,3.5,0.5,0.1,0.9,1.4,6.9,0.35,0.18,0.09,0.025,0.005,0.045,0.071,0.03,0.62,0.55
Jericho Sims,C,NYK,52.0,16.0,15.6,0.776,0.0,0.783,0.776,0.75,4.7,0.5,0.3,0.5,0.5,1.8,3.4,0.22,0.03,0.3,0.019,0.032,0.032,0.115,0.31,0.55,0.55
Nickeil Alexander-Walker,SG,MIN,23.0,0.0,15.5,0.384,0.361,0.415,0.488,0.619,1.8,1.4,0.3,0.3,0.4,1.3,5.9,0.38,0.09,0.12,0.019,0.019,0.026,0.084,0.0,0.59,0.55
Chuma Okeke,SF,ORL,27.0,8.0,19.2,0.352,0.302,0.472,0.459,0.762,3.6,1.4,0.7,0.4,0.6,1.5,4.7,0.24,0.07,0.19,0.036,0.021,0.031,0.078,0.3,0.5,0.53
Mike Muscala,C,BOS,20.0,4.0,16.2,0.472,0.385,0.708,0.612,0.692,3.4,0.6,0.2,0.3,0.5,1.4,5.9,0.36,0.04,0.21,0.012,0.019,0.031,0.086,0.2,0.61,0.52
Nassir Little,SF,POR,54.0,4.0,18.1,0.442,0.367,0.524,0.538,0.717,2.6,0.9,0.4,0.4,0.7,1.2,6.6,0.36,0.05,0.14,0.022,0.022,0.039,0.066,0.07,0.55,0.52
Brandon Clarke,PF,MEM,56.0,8.0,19.5,0.656,0.167,0.665,0.658,0.723,5.5,1.3,0.6,0.7,1.0,2.3,10.0,0.51,0.07,0.28,0.031,0.036,0.051,0.118,0.14,0.86,0.51
Austin Rivers,SG,MIN,52.0,10.0,19.5,0.435,0.35,0.558,0.538,0.769,1.6,1.4,0.5,0.1,0.4,1.5,4.9,0.25,0.07,0.08,0.026,0.005,0.021,0.077,0.19,0.4,0.51
Mo Bamba,C,ORL,40.0,6.0,17.0,0.495,0.398,0.594,0.596,0.686,4.6,1.1,0.3,1.0,0.6,2.2,7.3,0.43,0.06,0.27,0.018,0.059,0.035,0.129,0.15,0.76,0.46
Seth Curry,SG,BRK,61.0,7.0,19.9,0.463,0.405,0.525,0.568,0.927,1.6,1.6,0.6,0.1,0.8,1.6,9.2,0.46,0.08,0.08,0.03,0.005,0.04,0.08,0.11,0.62,0.46
George Hill,PG,MIL,35.0,0.0,19.1,0.447,0.311,0.621,0.534,0.739,1.9,2.5,0.5,0.1,0.8,1.2,5.0,0.26,0.13,0.1,0.026,0.005,0.042,0.063,0.0,0.49,0.46
Kevin Knox,PF,POR,21.0,4.0,17.1,0.444,0.314,0.554,0.516,0.741,3.3,0.9,0.5,0.0,0.9,1.0,8.5,0.5,0.05,0.19,0.029,0.0,0.053,0.058,0.19,0.74,0.45
Christian Braun,SG,DEN,76.0,6.0,15.5,0.495,0.354,0.565,0.554,0.625,2.4,0.8,0.5,0.2,0.5,1.3,4.7,0.3,0.05,0.15,0.032,0.013,0.032,0.084,0.08,0.5,0.44
Josh Okogie,SG,PHO,72.0,26.0,18.8,0.391,0.335,0.442,0.471,0.724,3.5,1.5,0.8,0.5,0.9,1.6,7.3,0.39,0.08,0.19,0.043,0.027,0.048,0.085,0.36,0.66,0.43
Trey Lyles,PF,SAC,74.0,0.0,16.9,0.458,0.363,0.595,0.565,0.815,4.1,0.9,0.4,0.4,0.9,1.3,7.6,0.45,0.05,0.24,0.024,0.024,0.053,0.077,0.0,0.74,0.43
Will Barton,SG,WAS,40.0,0.0,19.6,0.386,0.377,0.395,0.477,0.778,2.8,2.4,0.4,0.3,1.1,1.0,7.7,0.39,0.12,0.14,0.02,0.015,0.056,0.051,0.0,0.65,0.4
Davion Mitchell,PG,SAC,80.0,9.0,18.1,0.454,0.32,0.584,0.533,0.806,1.3,2.3,0.6,0.2,0.8,1.4,5.6,0.31,0.13,0.07,0.033,0.011,0.044,0.077,0.11,0.51,0.36
Romeo Langford,SG,SAS,43.0,21.0,19.6,0.467,0.262,0.53,0.498,0.696,2.7,1.2,0.6,0.3,0.7,1.6,6.9,0.35,0.06,0.14,0.031,0.015,0.036,0.082,0.49,0.55,0.34
Aaron Wiggins,SG,OKC,70.0,14.0,18.5,0.512,0.393,0.573,0.579,0.831,3.0,1.1,0.6,0.2,0.8,1.6,6.8,0.37,0.06,0.16,0.032,0.011,0.043,0.086,0.2,0.59,0.33
Saben Lee,PG,PHO,23.0,1.0,15.8,0.393,0.379,0.398,0.44,0.737,2.0,2.8,0.8,0.0,0.9,1.3,6.3,0.4,0.18,0.13,0.051,0.0,0.057,0.082,0.04,0.71,0.33
Wesley Matthews,SF,MIL,52.0,0.0,15.8,0.363,0.315,0.528,0.484,0.857,2.2,0.7,0.4,0.3,0.3,1.4,3.4,0.22,0.04,0.14,0.025,0.019,0.019,0.089,0.0,0.4,0.31
Jaylen Nowell,SG,MIN,65.0,2.0,19.3,0.448,0.289,0.542,0.502,0.778,2.6,2.0,0.6,0.1,1.0,1.6,10.8,0.56,0.1,0.13,0.031,0.005,0.052,0.083,0.03,0.79,0.3
Ricky Rubio,PG,CLE,33.0,2.0,17.2,0.343,0.256,0.417,0.402,0.8,2.1,3.5,0.8,0.2,0.9,1.5,5.2,0.3,0.2,0.12,0.047,0.012,0.052,0.087,0.06,0.62,0.25
Kevin Love,PF,MIA,21.0,17.0,20.0,0.388,0.297,0.632,0.496,0.857,5.7,1.9,0.4,0.2,1.1,1.5,7.7,0.38,0.1,0.29,0.02,0.01,0.055,0.075,0.81,0.77,0.25
Kevin Love,PF,CLE,41.0,3.0,20.0,0.389,0.354,0.467,0.511,0.889,6.8,1.9,0.2,0.2,1.1,1.6,8.5,0.42,0.1,0.34,0.01,0.01,0.055,0.08,0.07,0.86,0.23
Isaiah Jackson,C,IND,63.0,12.0,16.5,0.563,0.143,0.582,0.566,0.651,4.5,0.8,0.5,1.5,0.8,2.4,7.2,0.44,0.05,0.27,0.03,0.091,0.048,0.145,0.19,0.76,0.22
Théo Maledon,PG,CHO,44.0,7.0,19.4,0.402,0.295,0.465,0.457,0.851,2.8,3.5,0.8,0.3,1.3,1.4,6.7,0.35,0.18,0.14,0.041,0.015,0.067,0.072,0.16,0.67,0.2
Jalen McDaniels,SF,PHI,24.0,3.0,17.5,0.488,0.4,0.516,0.537,0.824,3.2,0.8,0.7,0.2,0.5,2.1,6.7,0.38,0.05,0.18,0.04,0.011,0.029,0.12,0.12,0.61,0.19
Cam Thomas,SG,BRK,57.0,4.0,16.6,0.441,0.383,0.464,0.497,0.868,1.7,1.4,0.4,0.1,1.1,1.0,10.6,0.64,0.08,0.1,0.024,0.006,0.066,0.06,0.07,0.82,0.18
Georges Niang,PF,PHI,78.0,1.0,19.4,0.442,0.401,0.576,0.596,0.867,2.4,1.0,0.4,0.2,0.7,1.9,8.2,0.42,0.05,0.12,0.021,0.01,0.036,0.098,0.01,0.59,0.16
Nick Richards,C,CHO,65.0,9.0,18.7,0.629,1.0,0.628,0.631,0.749,6.4,0.6,0.2,1.1,0.9,2.4,8.2,0.44,0.03,0.34,0.011,0.059,0.048,0.128,0.14,0.81,0.15
Jordan Nwora,SF,MIL,38.0,3.0,15.7,0.386,0.392,0.379,0.487,0.86,3.1,1.0,0.3,0.2,0.9,0.9,6.0,0.38,0.06,0.2,0.019,0.013,0.057,0.057,0.08,0.64,0.14
Chris Duarte,SF,IND,46.0,12.0,19.5,0.369,0.316,0.428,0.452,0.847,2.5,1.4,0.5,0.2,0.9,1.4,7.9,0.41,0.07,0.13,0.026,0.01,0.046,0.072,0.26,0.61,0.13
Tre Mann,PG,OKC,67.0,5.0,17.7,0.393,0.315,0.475,0.474,0.764,2.3,1.8,0.6,0.2,0.9,1.5,7.7,0.44,0.1,0.13,0.034,0.011,0.051,0.085,0.07,0.67,0.13
Haywood Highsmith,PF,MIA,54.0,11.0,17.9,0.431,0.339,0.523,0.516,0.464,3.5,0.8,0.7,0.3,0.8,1.5,4.4,0.25,0.04,0.2,0.039,0.017,0.045,0.084,0.2,0.49,0.12
Caleb Houstan,SF,ORL,51.0,4.0,15.9,0.363,0.338,0.435,0.489,0.833,1.9,0.6,0.2,0.1,0.4,1.2,3.8,0.24,0.04,0.12,0.013,0.006,0.025,0.075,0.08,0.4,0.09
Mason Plumlee,C,LAC,23.0,4.0,19.9,0.727,,0.727,0.727,0.772,6.9,1.7,0.5,0.5,1.3,2.4,7.5,0.38,0.09,0.35,0.025,0.025,0.065,0.121,0.17,0.82,0.08
David Roddy,PF,MEM,70.0,4.0,18.0,0.429,0.307,0.553,0.506,0.631,2.8,0.8,0.4,0.3,0.8,1.5,6.7,0.37,0.04,0.16,0.022,0.017,0.044,0.083,0.06,0.57,0.02
Isaiah Hartenstein,C,NYK,82.0,8.0,19.8,0.535,0.216,0.576,0.547,0.676,6.5,1.2,0.6,0.8,0.8,2.6,5.0,0.25,0.06,0.33,0.03,0.04,0.04,0.131,0.1,0.64,0.0
Trendon Watford,PF,POR,62.0,12.0,19.1,0.56,0.391,0.602,0.599,0.72,3.8,2.1,0.5,0.2,1.1,1.9,7.4,0.39,0.11,0.2,0.026,0.01,0.058,0.099,0.19,0.7,-0.01
Jeff Green,PF,DEN,56.0,4.0,19.5,0.488,0.288,0.58,0.534,0.744,2.6,1.2,0.3,0.3,0.8,1.8,7.8,0.4,0.06,0.13,0.015,0.015,0.041,0.092,0.07,0.59,-0.03
Ish Wainright,SF,PHO,60.0,2.0,15.3,0.37,0.329,0.5,0.496,0.839,2.3,0.9,0.6,0.4,0.4,2.0,4.2,0.27,0.06,0.15,0.039,0.026,0.026,0.131,0.03,0.48,-0.07
Bones Hyland,PG,DEN,42.0,1.0,19.5,0.399,0.378,0.425,0.503,0.866,2.0,3.0,0.7,0.3,1.6,1.6,12.1,0.62,0.15,0.1,0.036,0.015,0.082,0.082,0.02,0.87,-0.08
R.J. Hampton,SG,DET,21.0,3.0,18.5,0.423,0.365,0.483,0.516,0.667,2.3,1.0,0.5,0.2,1.0,1.4,7.3,0.39,0.05,0.12,0.027,0.011,0.054,0.076,0.14,0.56,-0.11
Jaylin Williams,C,OKC,49.0,36.0,18.7,0.436,0.407,0.463,0.534,0.704,4.9,1.6,0.6,0.2,0.8,2.3,5.9,0.32,0.09,0.26,0.032,0.011,0.043,0.123,0.73,0.67,-0.12
Anthony Lamb,SF,GSW,62.0,4.0,19.3,0.471,0.367,0.652,0.588,0.767,3.5,1.5,0.5,0.3,0.9,2.2,6.7,0.35,0.08,0.18,0.026,0.016,0.047,0.114,0.06,0.61,-0.15
Bryce McGowens,SG,CHO,46.0,7.0,17.1,0.396,0.325,0.443,0.46,0.75,2.0,1.2,0.3,0.1,0.9,1.0,5.3,0.31,0.07,0.12,0.018,0.006,0.053,0.058,0.15,0.5,-0.15
Stanley Johnson,SF,SAS,30.0,0.0,15.6,0.533,0.45,0.573,0.607,0.667,3.2,2.2,0.5,0.2,1.1,1.6,5.8,0.37,0.14,0.21,0.032,0.013,0.071,0.103,0.0,0.72,-0.18
Jalen Smith,C,IND,68.0,31.0,18.8,0.476,0.283,0.593,0.53,0.759,5.8,1.0,0.3,0.9,1.1,2.3,9.4,0.5,0.05,0.31,0.016,0.048,0.059,0.122,0.46,0.86,-0.2
Dyson Daniels,PG,NOP,59.0,11.0,17.7,0.418,0.314,0.492,0.483,0.65,3.2,2.3,0.7,0.2,1.0,1.7,3.8,0.21,0.13,0.18,0.04,0.011,0.056,0.096,0.19,0.52,-0.22
Wenyen Gabriel,C,LAL,68.0,2.0,15.1,0.596,0.278,0.647,0.615,0.619,4.2,0.5,0.4,0.5,0.7,2.1,5.5,0.36,0.03,0.28,0.026,0.033,0.046,0.139,0.03,0.67,-0.29
Dwight Powell,C,DAL,76.0,64.0,19.2,0.732,0.0,0.746,0.732,0.667,4.1,0.9,0.6,0.3,0.9,2.8,6.7,0.35,0.05,0.21,0.031,0.016,0.047,0.146,0.84,0.61,-0.31
DeAndre Jordan,C,DEN,39.0,8.0,15.0,0.765,1.0,0.763,0.77,0.458,5.2,0.9,0.3,0.6,1.2,1.8,5.1,0.34,0.06,0.35,0.02,0.04,0.08,0.12,0.21,0.75,-0.32
Johnny Davis,SG,WAS,28.0,5.0,15.1,0.386,0.243,0.485,0.436,0.519,2.3,1.0,0.4,0.3,0.6,1.7,5.8,0.38,0.07,0.15,0.026,0.02,0.04,0.113,0.18,0.6,-0.32
Moritz Wagner,C,ORL,57.0,18.0,19.5,0.5,0.313,0.631,0.564,0.841,4.5,1.5,0.6,0.2,1.2,2.4,10.5,0.54,0.08,0.23,0.031,0.01,0.062,0.123,0.32,0.85,-0.33
Evan Fournier,SG,NYK,27.0,7.0,17.0,0.337,0.307,0.404,0.443,0.857,1.8,1.3,0.6,0.1,0.8,1.7,6.1,0.36,0.08,0.11,0.035,0.006,0.047,0.1,0.26,0.55,-0.35
Goran Dragić,PG,CHI,51.0,0.0,15.4,0.425,0.352,0.48,0.5,0.659,1.4,2.7,0.2,0.1,1.1,1.2,6.4,0.42,0.18,0.09,0.013,0.006,0.071,0.078,0.0,0.69,-0.36
Hamidou Diallo,SF,DET,56.0,0.0,17.8,0.573,0.238,0.593,0.58,0.588,3.5,1.0,0.9,0.3,1.3,2.2,9.3,0.52,0.06,0.2,0.051,0.017,0.073,0.124,0.0,0.78,-0.42
Naz Reid,C,MIN,68.0,11.0,18.4,0.537,0.346,0.653,0.602,0.677,4.9,1.1,0.6,0.8,1.4,2.6,11.5,0.62,0.06,0.27,0.033,0.043,0.076,0.141,0.16,0.95,-0.44
Duncan Robinson,SF,MIA,42.0,1.0,16.5,0.371,0.328,0.556,0.504,0.906,1.6,1.1,0.3,0.0,0.7,1.8,6.4,0.39,0.07,0.1,0.018,0.0,0.042,0.109,0.02,0.56,-0.53
James Bouknight,SG,CHO,34.0,0.0,15.1,0.358,0.303,0.429,0.443,0.667,2.1,1.2,0.4,0.1,0.9,1.4,5.6,0.37,0.08,0.14,0.026,0.007,0.06,0.093,0.0,0.59,-0.63
Juan Toscano-Anderson,SF,UTA,22.0,2.0,15.2,0.403,0.174,0.5,0.429,0.889,2.9,1.8,0.3,0.1,0.8,1.5,3.4,0.22,0.12,0.19,0.02,0.007,0.053,0.099,0.09,0.53,-0.64
Ziaire Williams,SF,MEM,37.0,4.0,15.2,0.429,0.258,0.596,0.492,0.773,2.1,0.9,0.4,0.2,1.0,1.6,5.7,0.38,0.06,0.14,0.026,0.013,0.066,0.105,0.11,0.58,-0.87
Daishen Nix,PG,HOU,57.0,7.0,16.0,0.342,0.286,0.423,0.426,0.667,1.7,2.3,0.5,0.1,1.5,1.0,4.0,0.25,0.14,0.11,0.031,0.006,0.094,0.062,0.12,0.5,-1.03
Blake Wesley,SG,SAS,37.0,1.0,18.1,0.321,0.385,0.301,0.367,0.591,2.2,2.7,0.7,0.1,1.8,1.8,5.0,0.28,0.15,0.12,0.039,0.006,0.099,0.099,0.03,0.55,-1.67
